Model,RMSE,MAE,MAPE,R²
Naive (Last Week),389.07172243020335,296.4935064935065,11.971522781803873,0.873623996835885
Gradient Boosting,419.49251133140945,309.18359922203376,12.491303796940304,0.8530892061716235
Random Forest,435.0025346443086,347.24776256535665,14.768080941340234,0.842024821136791
XGBoost (Tuned),445.1755870927917,348.55251242897725,13.970113100869334,0.8345495468333816
XGBoost,457.90453489749075,361.0033101663961,14.927492711946263,0.824952799307006
4-Week Moving Average,609.8126135964217,477.09090909090907,19.226378419154766,0.6895454085066658
Linear Regression,869.1295431285226,787.5701335000111,34.37433264406122,0.36937046617177116
Lasso Regression,902.155800732303,837.4986552100962,38.056769338666726,0.32053299430905535
Ridge Regression,1263.3347402384636,1193.6664960379794,52.82245544599955,-0.3324231159942477
