Model,RMSE,MAE,R²
Baseline (Original Features),278.2610915767174,220.49073427493346,0.9353586750257846
Improved (+ Engineered Features),178.8942273294946,139.42943115424185,0.9737533774849918
